{
    "id": "pf2e-limited-sheetview",
    "title": "PF2e Limited Sheet View",
    "author": "Pine",
    "description": "Allow players to view the complete character sheets of other players when set to 'limited' but does not allow them to see the token's vision",
    "authors": [
        {
            "name": "Pine",
            "discord": "Pine#1363"
        }
    ],
    "esmodules": [
        "scripts/main.js"
    ],
    "compatibility": {
        "minimum": "12.331",
        "verified": "12"
    },
    "version": "1.1",
    "manifestPlusVersion": "1.2.0",
    "url": "https://github.com/natis1/pf2e-limited-sheetview",
    "readme": "https://github.com/natis1/pf2e-limited-sheetview/blob/master/README.md",
    "manifest": "https://raw.githubusercontent.com/natis1/pf2e-limited-sheetview/master/module.json",
    "download": "https://github.com/natis1/pf2e-limited-sheetview/releases/download/1.0.0/module.zip",
    "changelog": "https://github.com/natis1/pf2e-limited-sheetview/blob/master/CHANGELOG.md",
    "bugs": "https://github.com/natis1/pf2e-limited-sheetview/issues",
    "socket": true,
    "relationships": {
        "systems": [
            {
                "id": "pf2e",
                "type": "system",
                "manifest": "https://raw.githubusercontent.com/foundryvtt/pf2e/master/system.json",
                "compatibility": {
                    "minimum": "4"
                }
            }
        ]
    }
}
